st,year,tot_emp,sum_mean,a_mean,Inflation Rate,a_mean_inflation_adjusted
AK,2003,3270,183774000,56200,1.30379195929,73273
AK,2004,3500,203490000,58140,1.29396513819,75231
AK,2005,3950,235973000,59740,1.26907088653,75814
AK,2006,3930,243581400,61980,1.23617218625,76617
AK,2007,3850,247516500,64290,1.19932570295,77104
AK,2008,4320,281534400,65170,1.16193871831,75723
AK,2009,4630,308589500,66650,1.13084367063,75370
AK,2010,4980,340383000,68350,1.10873487344,75782
AK,2011,5120,359321600,70180,1.09197174662,76634
AK,2012,5250,374220000,71280,1.06764126046,76101
AK,2013,5240,382520000,73000,1.04388739602,76203
AK,2014,5030,379161400,75380,1.02815334044,77502
AK,2015,5210,429095600,82360,1.01711503645,83769
AK,2016,5050,418443000,82860,1.0,82860
AL,2003,29600,1759424000,59440,1.30379195929,77497
AL,2004,29310,1757427600,59960,1.29396513819,77586
AL,2005,31740,1926618000,60700,1.26907088653,77032
AL,2006,33590,2074518400,61760,1.23617218625,76345
AL,2007,33790,2200066900,65110,1.19932570295,78088
AL,2008,34460,2274360000,66000,1.16193871831,76687
AL,2009,34180,2356369200,68940,1.13084367063,77960
AL,2010,35610,2498753700,70170,1.10873487344,77799
AL,2011,36860,2604896200,70670,1.09197174662,77169
AL,2012,38150,2736881000,71740,1.06764126046,76592
AL,2013,40350,2977023000,73780,1.04388739602,77018
AL,2014,39420,3008928600,76330,1.02815334044,78478
AL,2015,38260,2991166800,78180,1.01711503645,79518
AL,2016,38600,3052874000,79090,1.0,79090
AR,2003,13080,623392800,47660,1.30379195929,62138
AR,2004,13270,615993400,46420,1.29396513819,60065
AR,2005,13940,685429800,49170,1.26907088653,62400
AR,2006,14430,747329700,51790,1.23617218625,64021
AR,2007,16910,919565800,54380,1.19932570295,65219
AR,2008,19480,1110554800,57010,1.16193871831,66242
AR,2009,21020,1204446000,57300,1.13084367063,64797
AR,2010,19560,1136436000,58100,1.10873487344,64417
AR,2011,19380,1176753600,60720,1.09197174662,66304
AR,2012,19100,1196615000,62650,1.06764126046,66887
AR,2013,20410,1300525200,63720,1.04388739602,66516
AR,2014,21420,1398511800,65290,1.02815334044,67128
AR,2015,22930,1503749400,65580,1.01711503645,66702
AR,2016,23700,1593351000,67230,1.0,67230
AZ,2003,44630,2577382500,57750,1.30379195929,75293
AZ,2004,47510,2818293200,59320,1.29396513819,76758
AZ,2005,49410,2943847800,59580,1.26907088653,75611
AZ,2006,51500,3179095000,61730,1.23617218625,76308
AZ,2007,56630,3660563200,64640,1.19932570295,77524
AZ,2008,57490,3987506400,69360,1.16193871831,80592
AZ,2009,57820,4116784000,71200,1.13084367063,80516
AZ,2010,60090,4473700500,74450,1.10873487344,82545
AZ,2011,66420,4912423200,73960,1.09197174662,80762
AZ,2012,70950,5334021000,75180,1.06764126046,80265
AZ,2013,76040,5828466000,76650,1.04388739602,80013
AZ,2014,82500,6431700000,77960,1.02815334044,80154
AZ,2015,88800,7105776000,80020,1.01711503645,81389
AZ,2016,93410,7496152500,80250,1.0,80250
CA,2003,386420,27911116600,72230,1.30379195929,94172
CA,2004,382290,28312397400,74060,1.29396513819,95831
CA,2005,384580,29151164000,75800,1.26907088653,96195
CA,2006,391960,30510166400,77840,1.23617218625,96223
CA,2007,394840,31816207200,80580,1.19932570295,96641
CA,2008,412680,34578457200,83790,1.16193871831,97358
CA,2009,415200,36093336000,86930,1.13084367063,98304
CA,2010,420630,37011233700,87990,1.10873487344,97557
CA,2011,447600,40700268000,90930,1.09197174662,99292
CA,2012,471890,43324220900,91810,1.06764126046,98020
CA,2013,486470,46370320400,95320,1.04388739602,99503
CA,2014,514330,51150118500,99450,1.02815334044,102249
CA,2015,548800,56487984000,102930,1.01711503645,104691
CA,2016,580040,59726718800,102970,1.0,102970
CO,2003,75260,5061235000,67250,1.30379195929,87680
CO,2004,76390,5302229900,69410,1.29396513819,89814
CO,2005,74550,5281867500,70850,1.26907088653,89913
CO,2006,77980,5613000400,71980,1.23617218625,88979
CO,2007,81700,6294985000,77050,1.19932570295,92408
CO,2008,86370,6890598600,79780,1.16193871831,92699
CO,2009,88120,7210859600,81830,1.13084367063,92536
CO,2010,86510,7051430100,81510,1.10873487344,90372
CO,2011,88030,7162120800,81360,1.09197174662,88842
CO,2012,90870,7633988700,84010,1.06764126046,89692
CO,2013,91820,7841428000,85400,1.04388739602,89147
CO,2014,96120,8515270800,88590,1.02815334044,91084
CO,2015,97840,8873109600,90690,1.01711503645,92242
CO,2016,104170,9825314400,94320,1.0,94320
CT,2003,43480,2934030400,67480,1.30379195929,87979
CT,2004,46290,3235208100,69890,1.29396513819,90435
CT,2005,47810,3420805500,71550,1.26907088653,90802
CT,2006,46360,3413950400,73640,1.23617218625,91031
CT,2007,47330,3637783800,76860,1.19932570295,92180
CT,2008,46410,3644113200,78520,1.16193871831,91235
CT,2009,43930,3532850600,80420,1.13084367063,90942
CT,2010,42420,3381722400,79720,1.10873487344,88388
CT,2011,41910,3423208800,81680,1.09197174662,89192
CT,2012,44480,3712300800,83460,1.06764126046,89105
CT,2013,44920,3819547600,85030,1.04388739602,88761
CT,2014,46180,4007038600,86770,1.02815334044,89212
CT,2015,46970,4107526500,87450,1.01711503645,88946
CT,2016,49220,4402236800,89440,1.0,89440
DC,2003,28730,1976624000,68800,1.30379195929,89700
DC,2004,29840,2138632800,71670,1.29396513819,92738
DC,2005,32050,2313369000,72180,1.26907088653,91601
DC,2006,33710,2530946800,75080,1.23617218625,92811
DC,2007,34320,2680392000,78100,1.19932570295,93667
DC,2008,34200,2826972000,82660,1.16193871831,96045
DC,2009,33450,2888742000,86360,1.13084367063,97659
DC,2010,33180,2911876800,87760,1.10873487344,97302
DC,2011,33470,3034724900,90670,1.09197174662,99009
DC,2012,34280,3186668800,92960,1.06764126046,99247
DC,2013,35000,3317300000,94780,1.04388739602,98939
DC,2014,37270,3599163900,96570,1.02815334044,99288
DC,2015,39020,3926192400,100620,1.01711503645,102342
DC,2016,41390,4287176200,103580,1.0,103580
DE,2003,9480,639426000,67450,1.30379195929,87940
DE,2004,10570,725419100,68630,1.29396513819,88804
DE,2005,10380,678229200,65340,1.26907088653,82921
DE,2006,12560,919517600,73210,1.23617218625,90500
DE,2007,12630,951291600,75320,1.19932570295,90333
DE,2008,12400,964596000,77790,1.16193871831,90387
DE,2009,11790,914550300,77570,1.13084367063,87719
DE,2010,12080,931126400,77080,1.10873487344,85461
DE,2011,12710,1014258000,79800,1.09197174662,87139
DE,2012,13690,1128877400,82460,1.06764126046,88037
DE,2013,12850,1074388500,83610,1.04388739602,87279
DE,2014,13570,1179233000,86900,1.02815334044,89346
DE,2015,15030,1348040700,89690,1.01711503645,91225
DE,2016,16200,1502226000,92730,1.0,92730
FL,2003,134370,7575780600,56380,1.30379195929,73507
FL,2004,144050,8349138000,57960,1.29396513819,74998
FL,2005,146410,8569377300,58530,1.26907088653,74278
FL,2006,149660,9025994600,60310,1.23617218625,74553
FL,2007,148310,9192253800,61980,1.19932570295,74334
FL,2008,155740,10003180200,64230,1.16193871831,74631
FL,2009,154030,10019651500,65050,1.13084367063,73561
FL,2010,154080,10344931200,67140,1.10873487344,74440
FL,2011,155170,10700523200,68960,1.09197174662,75302
FL,2012,161070,11424695100,70930,1.06764126046,75727
FL,2013,164480,11669856000,70950,1.04388739602,74063
FL,2014,172340,12492926600,72490,1.02815334044,74530
FL,2015,184270,13501462900,73270,1.01711503645,74524
FL,2016,193670,14424541600,74480,1.0,74480
GA,2003,97970,6000662500,61250,1.30379195929,79857
GA,2004,97040,6147484000,63350,1.29396513819,81972
GA,2005,93520,5934779200,63460,1.26907088653,80535
GA,2006,92900,6024565000,64850,1.23617218625,80165
GA,2007,89910,6053640300,67330,1.19932570295,80750
GA,2008,95080,6844809200,71990,1.16193871831,83647
GA,2009,95170,7013077300,73690,1.13084367063,83331
GA,2010,97140,7223330400,74360,1.10873487344,82445
GA,2011,99790,7365499900,73810,1.09197174662,80598
GA,2012,103780,7893506800,76060,1.06764126046,81204
GA,2013,114220,8920582000,78100,1.04388739602,81527
GA,2014,121210,9786495400,80740,1.02815334044,83013
GA,2015,129850,10530835000,81100,1.01711503645,82488
GA,2016,138140,11852412000,85800,1.0,85800
GU,2003,320,13049600,40780,1.30379195929,53168
GU,2004,320,13027200,40710,1.29396513819,52677
GU,2005,320,13110400,40970,1.26907088653,51993
GU,2006,360,16394400,45540,1.23617218625,56295
GU,2007,360,15940800,44280,1.19932570295,53106
GU,2008,460,20230800,43980,1.16193871831,51102
GU,2009,480,20659200,43040,1.13084367063,48671
GU,2010,620,26678600,43030,1.10873487344,47708
GU,2011,670,28696100,42830,1.09197174662,46769
GU,2012,630,29017800,46060,1.06764126046,49175
GU,2013,590,27258000,46200,1.04388739602,48227
GU,2014,570,27183300,47690,1.02815334044,49032
GU,2015,510,25765200,50520,1.01711503645,51384
GU,2016,510,25525500,50050,1.0,50050
HI,2003,7170,413063700,57610,1.30379195929,75111
HI,2004,7850,457027000,58220,1.29396513819,75334
HI,2005,8120,478105600,58880,1.26907088653,74722
HI,2006,8500,516545000,60770,1.23617218625,75122
HI,2007,8190,512939700,62630,1.19932570295,75113
HI,2008,8310,535662600,64460,1.16193871831,74898
HI,2009,8020,532848800,66440,1.13084367063,75133
HI,2010,8390,569848800,67920,1.10873487344,75305
HI,2011,9030,635712000,70400,1.09197174662,76874
HI,2012,9330,652353600,69920,1.06764126046,74649
HI,2013,9460,673930400,71240,1.04388739602,74366
HI,2014,8980,662364800,73760,1.02815334044,75836
HI,2015,9170,700954800,76440,1.01711503645,77748
HI,2016,9300,725307000,77990,1.0,77990
IA,2003,21710,1146505100,52810,1.30379195929,68853
IA,2004,23760,1276624800,53730,1.29396513819,69524
IA,2005,23550,1334107500,56650,1.26907088653,71892
IA,2006,26130,1530172800,58560,1.23617218625,72390
IA,2007,27660,1714366800,61980,1.19932570295,74334
IA,2008,28370,1784756700,62910,1.16193871831,73097
IA,2009,27190,1725205500,63450,1.13084367063,71752
IA,2010,26800,1703140000,63550,1.10873487344,70460
IA,2011,28520,1873193600,65680,1.09197174662,71720
IA,2012,30460,2056963800,67530,1.06764126046,72097
IA,2013,31650,2185432500,69050,1.04388739602,72080
IA,2014,31510,2252019700,71470,1.02815334044,73482
IA,2015,31380,2270970600,72370,1.01711503645,73608
IA,2016,32810,2448610300,74630,1.0,74630
ID,2003,9020,470393000,52150,1.30379195929,67992
ID,2004,9770,536275300,54890,1.29396513819,71025
ID,2005,10240,581836800,56820,1.26907088653,72108
ID,2006,10760,610845200,56770,1.23617218625,70177
ID,2007,11470,672715500,58650,1.19932570295,70340
ID,2008,12160,710995200,58470,1.16193871831,67938
ID,2009,13050,744633000,57060,1.13084367063,64525
ID,2010,13640,801213600,58740,1.10873487344,65127
ID,2011,13430,795861800,59260,1.09197174662,64710
ID,2012,11630,741761400,63780,1.06764126046,68094
ID,2013,11520,752256000,65300,1.04388739602,68165
ID,2014,12190,806368500,66150,1.02815334044,68012
ID,2015,13620,933651000,68550,1.01711503645,69723
ID,2016,14050,960036500,68330,1.0,68330
IL,2003,124450,7798037000,62660,1.30379195929,81695
IL,2004,132780,8711695800,65610,1.29396513819,84897
IL,2005,133250,8854462500,66450,1.26907088653,84329
IL,2006,136450,9466901000,69380,1.23617218625,85765
IL,2007,142820,10532975000,73750,1.19932570295,88450
IL,2008,144720,10893074400,75270,1.16193871831,87459
IL,2009,142290,10767084300,75670,1.13084367063,85570
IL,2010,127260,9561043800,75130,1.10873487344,83299
IL,2011,128460,9786082800,76180,1.09197174662,83186
IL,2012,145460,11273150000,77500,1.06764126046,82742
IL,2013,156770,12268820200,78260,1.04388739602,81694
IL,2014,166350,13253104500,79670,1.02815334044,81912
IL,2015,169580,13997133200,82540,1.01711503645,83952
IL,2016,177360,15135902400,85340,1.0,85340
IN,2003,37030,1982215900,53530,1.30379195929,69791
IN,2004,38880,2080080000,53500,1.29396513819,69227
IN,2005,37200,2043768000,54940,1.26907088653,69722
IN,2006,38660,2254264600,58310,1.23617218625,72081
IN,2007,41600,2543008000,61130,1.19932570295,73314
IN,2008,45020,2812399400,62470,1.16193871831,72586
IN,2009,45890,2877303000,62700,1.13084367063,70903
IN,2010,46930,3011498100,64170,1.10873487344,71147
IN,2011,47210,3106890100,65810,1.09197174662,71862
IN,2012,47610,3241764900,68090,1.06764126046,72695
IN,2013,49530,3375469500,68150,1.04388739602,71140
IN,2014,51590,3584989100,69490,1.02815334044,71446
IN,2015,52500,3629850000,69140,1.01711503645,70323
IN,2016,56060,3976335800,70930,1.0,70930
KS,2003,27080,1637798400,60480,1.30379195929,78853
KS,2004,27030,1665318300,61610,1.29396513819,79721
KS,2005,26780,1657682000,61900,1.26907088653,78555
KS,2006,24870,1506624600,60580,1.23617218625,74887
KS,2007,26760,1669288800,62380,1.19932570295,74813
KS,2008,29090,1832960900,63010,1.16193871831,73213
KS,2009,30370,1973138900,64970,1.13084367063,73470
KS,2010,27620,1845844600,66830,1.10873487344,74096
KS,2011,28500,1998135000,70110,1.09197174662,76558
KS,2012,28970,2078887200,71760,1.06764126046,76613
KS,2013,30140,2145365200,71180,1.04388739602,74303
KS,2014,32240,2285493600,70890,1.02815334044,72885
KS,2015,35390,2533570100,71590,1.01711503645,72815
KS,2016,36910,2673760400,72440,1.0,72440
KY,2003,24500,1289680000,52640,1.30379195929,68631
KY,2004,24490,1290867900,52710,1.29396513819,68204
KY,2005,23760,1294920000,54500,1.26907088653,69164
KY,2006,23970,1338484800,55840,1.23617218625,69027
KY,2007,26890,1598072700,59430,1.19932570295,71275
KY,2008,28440,1676253600,58940,1.16193871831,68484
KY,2009,27450,1668685500,60790,1.13084367063,68743
KY,2010,26740,1657612600,61990,1.10873487344,68730
KY,2011,28170,1798654500,63850,1.09197174662,69722
KY,2012,28210,1765381800,62580,1.06764126046,66812
KY,2013,28930,1818829100,62870,1.04388739602,65629
KY,2014,30090,1928167200,64080,1.02815334044,65884
KY,2015,30700,2078083000,67690,1.01711503645,68848
KY,2016,30240,2081116800,68820,1.0,68820
LA,2003,17480,904065600,51720,1.30379195929,67432
LA,2004,18960,984592800,51930,1.29396513819,67195
LA,2005,19240,987396800,51320,1.26907088653,65128
LA,2006,17590,925937600,52640,1.23617218625,65072
LA,2007,16390,891452100,54390,1.19932570295,65231
LA,2008,17100,935199000,54690,1.16193871831,63546
LA,2009,16960,967059200,57020,1.13084367063,64480
LA,2010,18060,1056510000,58500,1.10873487344,64860
LA,2011,18020,1099220000,61000,1.09197174662,66610
LA,2012,19920,1234641600,61980,1.06764126046,66172
LA,2013,19410,1226517900,63190,1.04388739602,65963
LA,2014,20400,1271328000,62320,1.02815334044,64074
LA,2015,20520,1284346800,62590,1.01711503645,63661
LA,2016,20860,1319603600,63260,1.0,63260
MA,2003,104540,7364843000,70450,1.30379195929,91852
MA,2004,106690,8045492900,75410,1.29396513819,97577
MA,2005,110190,8534215500,77450,1.26907088653,98289
MA,2006,113890,9077033000,79700,1.23617218625,98522
MA,2007,116270,9727148200,83660,1.19932570295,100335
MA,2008,121680,10556956800,86760,1.16193871831,100809
MA,2009,122810,10882194100,88610,1.13084367063,100204
MA,2010,125010,11003380200,88020,1.10873487344,97590
MA,2011,130110,11618823000,89300,1.09197174662,97513
MA,2012,138710,12587932500,90750,1.06764126046,96888
MA,2013,134530,12375414700,91990,1.04388739602,96027
MA,2014,134620,12764668400,94820,1.02815334044,97489
MA,2015,134790,12937144200,95980,1.01711503645,97622
MA,2016,142740,13825796400,96860,1.0,96860
MD,2003,92310,6327850500,68550,1.30379195929,89374
MD,2004,97700,7072503000,72390,1.29396513819,93670
MD,2005,94320,6914599200,73310,1.26907088653,93035
MD,2006,96090,7340315100,76390,1.23617218625,94431
MD,2007,95160,7652767200,80420,1.19932570295,96449
MD,2008,97030,8028262200,82740,1.16193871831,96138
MD,2009,98460,8330700600,84610,1.13084367063,95680
MD,2010,100170,8563533300,85490,1.10873487344,94785
MD,2011,104620,9102986200,87010,1.09197174662,95012
MD,2012,108250,9736005000,89940,1.06764126046,96023
MD,2013,114480,10560780000,92250,1.04388739602,96298
MD,2014,117040,11080176800,94670,1.02815334044,97335
MD,2015,120360,11511230400,95640,1.01711503645,97276
MD,2016,123660,11970288000,96800,1.0,96800
ME,2003,7050,366036000,51920,1.30379195929,67692
ME,2004,7240,379955200,52480,1.29396513819,67907
ME,2005,7610,415353800,54580,1.26907088653,69265
ME,2006,8010,453366000,56600,1.23617218625,69967
ME,2007,8070,476452800,59040,1.19932570295,70808
ME,2008,8390,496100700,59130,1.16193871831,68705
ME,2009,9020,545619800,60490,1.13084367063,68404
ME,2010,9060,557008800,61480,1.10873487344,68165
ME,2011,8520,542979600,63730,1.09197174662,69591
ME,2012,9080,588565600,64820,1.06764126046,69204
ME,2013,9620,634054200,65910,1.04388739602,68802
ME,2014,10260,693268200,67570,1.02815334044,69472
ME,2015,10870,766443700,70510,1.01711503645,71716
ME,2016,11620,847330400,72920,1.0,72920
MI,2003,76490,4551155000,59500,1.30379195929,77575
MI,2004,80730,4957629300,61410,1.29396513819,79462
MI,2005,86990,5398599400,62060,1.26907088653,78758
MI,2006,94090,6086682100,64690,1.23617218625,79967
MI,2007,93350,6252583000,66980,1.19932570295,80330
MI,2008,92520,6332068800,68440,1.16193871831,79523
MI,2009,83170,5706293700,68610,1.13084367063,77587
MI,2010,81030,5564330100,68670,1.10873487344,76136
MI,2011,84210,5697648600,67660,1.09197174662,73882
MI,2012,93830,6486467900,69130,1.06764126046,73806
MI,2013,98570,6904828500,70050,1.04388739602,73124
MI,2014,101050,7353408500,72770,1.02815334044,74818
MI,2015,102330,7662470400,74880,1.01711503645,76161
MI,2016,104780,8062821000,76950,1.0,76950
MN,2003,68100,4297791000,63110,1.30379195929,82282
MN,2004,70250,4613317500,65670,1.29396513819,84974
MN,2005,69540,4681432800,67320,1.26907088653,85433
MN,2006,74630,5135290300,68810,1.23617218625,85061
MN,2007,77660,5568998600,71710,1.19932570295,86003
MN,2008,81800,6088374000,74430,1.16193871831,86483
MN,2009,82290,6210426300,75470,1.13084367063,85344
MN,2010,80690,6121143400,75860,1.10873487344,84108
MN,2011,81240,6211610400,76460,1.09197174662,83492
MN,2012,83090,6496807100,78190,1.06764126046,83478
MN,2013,84520,6662711600,78830,1.04388739602,82289
MN,2014,91560,7344027600,80210,1.02815334044,82468
MN,2015,94470,7818337200,82760,1.01711503645,84176
MN,2016,97680,8298892800,84960,1.0,84960
MO,2003,55980,3275389800,58510,1.30379195929,76284
MO,2004,57920,3460140800,59740,1.29396513819,77301
MO,2005,58150,3586692000,61680,1.26907088653,78276
MO,2006,62880,3901704000,62050,1.23617218625,76704
MO,2007,62860,3985324000,63400,1.19932570295,76037
MO,2008,68170,4478769000,65700,1.16193871831,76339
MO,2009,67760,4562958400,67340,1.13084367063,76151
MO,2010,70530,4887729000,69300,1.10873487344,76835
MO,2011,73210,5169358100,70610,1.09197174662,77104
MO,2012,76620,5515873800,71990,1.06764126046,76859
MO,2013,74310,5401593900,72690,1.04388739602,75880
MO,2014,74590,5591266400,74960,1.02815334044,77070
MO,2015,77310,5973743700,77270,1.01711503645,78592
MO,2016,82100,6425967000,78270,1.0,78270
MS,2003,9120,391886400,42970,1.30379195929,56023
MS,2004,9060,401358000,44300,1.29396513819,57322
MS,2005,9250,430495000,46540,1.26907088653,59062
MS,2006,8960,458393600,51160,1.23617218625,63242
MS,2007,9460,501947600,53060,1.19932570295,63636
MS,2008,10010,540840300,54030,1.16193871831,62779
MS,2009,9670,529142400,54720,1.13084367063,61879
MS,2010,8560,464123200,54220,1.10873487344,60115
MS,2011,8800,491216000,55820,1.09197174662,60953
MS,2012,9730,561031800,57660,1.06764126046,61560
MS,2013,10490,634749900,60510,1.04388739602,63165
MS,2014,10610,666732400,62840,1.02815334044,64609
MS,2015,10630,693926400,65280,1.01711503645,66397
MS,2016,11300,750659000,66430,1.0,66430
MT,2003,4830,225850800,46760,1.30379195929,60965
MT,2004,4810,220923300,45930,1.29396513819,59431
MT,2005,5040,256788000,50950,1.26907088653,64659
MT,2006,6000,327780000,54630,1.23617218625,67532
MT,2007,5470,301451700,55110,1.19932570295,66094
MT,2008,5640,312230400,55360,1.16193871831,64324
MT,2009,5820,302058000,51900,1.13084367063,58690
MT,2010,6110,328045900,53690,1.10873487344,59527
MT,2011,6470,362384700,56010,1.09197174662,61161
MT,2012,6460,365571400,56590,1.06764126046,60417
MT,2013,6950,398513000,57340,1.04388739602,59856
MT,2014,7310,424857200,58120,1.02815334044,59756
MT,2015,7850,467546000,59560,1.01711503645,60579
MT,2016,7250,461462500,63650,1.0,63650
NC,2003,74760,4774921200,63870,1.30379195929,83273
NC,2004,79210,5107460800,64480,1.29396513819,83434
NC,2005,78020,5063498000,64900,1.26907088653,82362
NC,2006,82190,5499332900,66910,1.23617218625,82712
NC,2007,84800,5963136000,70320,1.19932570295,84336
NC,2008,91000,6600230000,72530,1.16193871831,84275
NC,2009,94810,7057656400,74440,1.13084367063,84180
NC,2010,93110,7093119800,76180,1.10873487344,84463
NC,2011,95130,7321204800,76960,1.09197174662,84038
NC,2012,102330,7973553600,77920,1.06764126046,83190
NC,2013,106570,8435015500,79150,1.04388739602,82623
NC,2014,111160,8953938000,80550,1.02815334044,82817
NC,2015,116390,9633600300,82770,1.01711503645,84186
NC,2016,125030,10537528400,84280,1.0,84280
ND,2003,4460,217558800,48780,1.30379195929,63598
ND,2004,4380,209145000,47750,1.29396513819,61786
ND,2005,4800,223872000,46640,1.26907088653,59189
ND,2006,4760,224386400,47140,1.23617218625,58273
ND,2007,5110,232198400,45440,1.19932570295,54497
ND,2008,4900,242354000,49460,1.16193871831,57469
ND,2009,5150,271405000,52700,1.13084367063,59595
ND,2010,6290,337584300,53670,1.10873487344,59505
ND,2011,6580,362097400,55030,1.09197174662,60091
ND,2012,7000,398230000,56890,1.06764126046,60738
ND,2013,6010,362703500,60350,1.04388739602,62998
ND,2014,6380,393773600,61720,1.02815334044,63457
ND,2015,6460,417445200,64620,1.01711503645,65725
ND,2016,7340,492954400,67160,1.0,67160
NE,2003,19520,1076723200,55160,1.30379195929,71917
NE,2004,20220,1133937600,56080,1.29396513819,72565
NE,2005,20250,1169640000,57760,1.26907088653,73301
NE,2006,21240,1259319600,59290,1.23617218625,73292
NE,2007,21290,1332541100,62590,1.19932570295,75065
NE,2008,20980,1341671000,63950,1.16193871831,74305
NE,2009,20440,1341477200,65630,1.13084367063,74217
NE,2010,22000,1441660000,65530,1.10873487344,72655
NE,2011,23550,1592451000,67620,1.09197174662,73839
NE,2012,24850,1727820500,69530,1.06764126046,74233
NE,2013,25610,1804480600,70460,1.04388739602,73552
NE,2014,25100,1773315000,70650,1.02815334044,72639
NE,2015,26770,1917535100,71630,1.01711503645,72855
NE,2016,28000,2059960000,73570,1.0,73570
NH,2003,12080,743886400,61580,1.30379195929,80287
NH,2004,13380,897396600,67070,1.29396513819,86786
NH,2005,15610,1052738400,67440,1.26907088653,85586
NH,2006,16620,1157084400,69620,1.23617218625,86062
NH,2007,17070,1219992900,71470,1.19932570295,85715
NH,2008,17910,1349518500,75350,1.16193871831,87552
NH,2009,19220,1491664200,77610,1.13084367063,87764
NH,2010,17980,1399743000,77850,1.10873487344,86315
NH,2011,17670,1404765000,79500,1.09197174662,86811
NH,2012,17570,1385218800,78840,1.06764126046,84172
NH,2013,17370,1374661800,79140,1.04388739602,82613
NH,2014,17520,1406505600,80280,1.02815334044,82540
NH,2015,18380,1542082000,83900,1.01711503645,85335
NH,2016,18510,1610370000,87000,1.0,87000
NJ,2003,116940,8255964000,70600,1.30379195929,92047
NJ,2004,117780,8612073600,73120,1.29396513819,94614
NJ,2005,117820,8976705800,76190,1.26907088653,96690
NJ,2006,119890,9380193600,78240,1.23617218625,96718
NJ,2007,125620,10214162200,81310,1.19932570295,97517
NJ,2008,135050,11225356000,83120,1.16193871831,96580
NJ,2009,135520,11436532800,84390,1.13084367063,95431
NJ,2010,130650,11179720500,85570,1.10873487344,94874
NJ,2011,126930,10863938700,85590,1.09197174662,93461
NJ,2012,124780,10983135600,88020,1.06764126046,93973
NJ,2013,128820,11596376400,90020,1.04388739602,93970
NJ,2014,134440,12450488400,92610,1.02815334044,95217
NJ,2015,136570,12912693500,94550,1.01711503645,96168
NJ,2016,140840,13550216400,96210,1.0,96210
NM,2003,12470,727375100,58330,1.30379195929,76050
NM,2004,12410,776617800,62580,1.29396513819,80976
NM,2005,11150,673125500,60370,1.26907088653,76613
NM,2006,11790,746071200,63280,1.23617218625,78224
NM,2007,12060,819597600,67960,1.19932570295,81506
NM,2008,12510,872322300,69730,1.16193871831,81021
NM,2009,13810,977195600,70760,1.13084367063,80018
NM,2010,13480,970290400,71980,1.10873487344,79806
NM,2011,14200,1024388000,72140,1.09197174662,78774
NM,2012,14440,1045311600,72390,1.06764126046,77286
NM,2013,13990,999585500,71450,1.04388739602,74585
NM,2014,14890,1096350700,73630,1.02815334044,75702
NM,2015,14760,1107590400,75040,1.01711503645,76324
NM,2016,15350,1189011000,77460,1.0,77460
NV,2003,10580,566770600,53570,1.30379195929,69844
NV,2004,11740,625742000,53300,1.29396513819,68968
NV,2005,11460,639811800,55830,1.26907088653,70852
NV,2006,13260,784992000,59200,1.23617218625,73181
NV,2007,13210,835004100,63210,1.19932570295,75809
NV,2008,14110,892175300,63230,1.16193871831,73469
NV,2009,14170,920483200,64960,1.13084367063,73459
NV,2010,14100,922281000,65410,1.10873487344,72522
NV,2011,14920,986659600,66130,1.09197174662,72212
NV,2012,14990,1016771700,67830,1.06764126046,72418
NV,2013,15750,1136520000,72160,1.04388739602,75326
NV,2014,16140,1200816000,74400,1.02815334044,76494
NV,2015,17100,1275660000,74600,1.01711503645,75876
NV,2016,18050,1356457500,75150,1.0,75150
NY,2003,176500,11986115000,67910,1.30379195929,88540
NY,2004,174460,12039484600,69010,1.29396513819,89296
NY,2005,185330,13252948300,71510,1.26907088653,90751
NY,2006,193190,14311515200,74080,1.23617218625,91575
NY,2007,208970,16207713200,77560,1.19932570295,93019
NY,2008,209490,16449154800,78520,1.16193871831,91235
NY,2009,202670,15994716400,78920,1.13084367063,89246
NY,2010,202690,16217226900,80010,1.10873487344,88709
NY,2011,208670,17173541000,82300,1.09197174662,89869
NY,2012,216150,18221445000,84300,1.06764126046,90002
NY,2013,217620,18919882800,86940,1.04388739602,90755
NY,2014,223570,19922322700,89110,1.02815334044,91618
NY,2015,239300,21912701000,91570,1.01711503645,93137
NY,2016,245150,22862689000,93260,1.0,93260
OH,2003,95090,5513318200,57980,1.30379195929,75593
OH,2004,96370,5793764400,60120,1.29396513819,77793
OH,2005,100340,6185961000,61650,1.26907088653,78238
OH,2006,104110,6596409600,63360,1.23617218625,78323
OH,2007,115260,7570276800,65680,1.19932570295,78771
OH,2008,120180,8097728400,67380,1.16193871831,78291
OH,2009,123580,8489946000,68700,1.13084367063,77688
OH,2010,119540,8315202400,69560,1.10873487344,77123
OH,2011,125100,8749494000,69940,1.09197174662,76372
OH,2012,128740,9117366800,70820,1.06764126046,75610
OH,2013,130630,9434098600,72220,1.04388739602,75389
OH,2014,129120,9575539200,74160,1.02815334044,76247
OH,2015,136170,10320324300,75790,1.01711503645,77087
OH,2016,140110,11109321900,79290,1.0,79290
OK,2003,21560,1034664400,47990,1.30379195929,62568
OK,2004,22360,1139689200,50970,1.29396513819,65953
OK,2005,22850,1172433500,51310,1.26907088653,65116
OK,2006,26760,1393928400,52090,1.23617218625,64392
OK,2007,28420,1506260000,53000,1.19932570295,63564
OK,2008,26620,1507224400,56620,1.16193871831,65788
OK,2009,24300,1399437000,57590,1.13084367063,65125
OK,2010,22180,1306402000,58900,1.10873487344,65304
OK,2011,22570,1360971000,60300,1.09197174662,65845
OK,2012,23650,1438156500,60810,1.06764126046,64923
OK,2013,25380,1604016000,63200,1.04388739602,65973
OK,2014,27740,1778966200,64130,1.02815334044,65935
OK,2015,29660,1934425200,65220,1.01711503645,66336
OK,2016,30210,2060926200,68220,1.0,68220
OR,2003,32990,1902533300,57670,1.30379195929,75189
OR,2004,33710,2051253500,60850,1.29396513819,78737
OR,2005,33540,2070088800,61720,1.26907088653,78327
OR,2006,35180,2323639000,66050,1.23617218625,81649
OR,2007,36280,2467765600,68020,1.19932570295,81578
OR,2008,38080,2673216000,70200,1.16193871831,81568
OR,2009,36820,2606487800,70790,1.13084367063,80052
OR,2010,36810,2696332500,73250,1.10873487344,81214
OR,2011,39050,2843230500,72810,1.09197174662,79506
OR,2012,41610,3133233000,75300,1.06764126046,80393
OR,2013,43710,3318463200,75920,1.04388739602,79251
OR,2014,45460,3526786800,77580,1.02815334044,79764
OR,2015,48740,3969385600,81440,1.01711503645,82833
OR,2016,50900,4183471000,82190,1.0,82190
PA,2003,105530,6005712300,56910,1.30379195929,74198
PA,2004,106630,6485236600,60820,1.29396513819,78698
PA,2005,107580,6753872400,62780,1.26907088653,79672
PA,2006,114090,7321155300,64170,1.23617218625,79325
PA,2007,119900,8062076000,67240,1.19932570295,80642
PA,2008,123330,8704631400,70580,1.16193871831,82009
PA,2009,123240,9010076400,73110,1.13084367063,82675
PA,2010,120720,8906721600,73780,1.10873487344,81802
PA,2011,125150,9333687000,74580,1.09197174662,81439
PA,2012,132810,10048404600,75660,1.06764126046,80777
PA,2013,138640,10513071200,75830,1.04388739602,79157
PA,2014,143230,10965688800,76560,1.02815334044,78715
PA,2015,149780,11814646400,78880,1.01711503645,80230
PA,2016,154710,12546981000,81100,1.0,81100
PR,2003,6860,265276200,38670,1.30379195929,50417
PR,2004,7730,302706800,39160,1.29396513819,50671
PR,2005,8220,325429800,39590,1.26907088653,50242
PR,2006,9420,389234400,41320,1.23617218625,51078
PR,2007,9190,390758800,42520,1.19932570295,50995
PR,2008,9090,380234700,41830,1.16193871831,48603
PR,2009,8720,369815200,42410,1.13084367063,47959
PR,2010,9360,387036000,41350,1.10873487344,45846
PR,2011,9240,387987600,41990,1.09197174662,45851
PR,2012,9560,403623200,42220,1.06764126046,45075
PR,2013,9310,402285100,43210,1.04388739602,45106
PR,2014,9170,393209600,42880,1.02815334044,44087
PR,2015,9430,406527300,43110,1.01711503645,43847
PR,2016,10390,459341900,44210,1.0,44210
RI,2003,10360,616938000,59550,1.30379195929,77640
RI,2004,11050,687310000,62200,1.29396513819,80484
RI,2005,9750,632677500,64890,1.26907088653,82350
RI,2006,9770,660842800,67640,1.23617218625,83614
RI,2007,10220,749023800,73290,1.19932570295,87898
RI,2008,10270,765833900,74570,1.16193871831,86645
RI,2009,10170,763665300,75090,1.13084367063,84915
RI,2010,10700,798113000,74590,1.10873487344,82700
RI,2011,11390,871448900,76510,1.09197174662,83546
RI,2012,12150,965925000,79500,1.06764126046,84877
RI,2013,12820,1014959400,79170,1.04388739602,82644
RI,2014,13420,1091448600,81330,1.02815334044,83619
RI,2015,13890,1134396300,81670,1.01711503645,83067
RI,2016,14270,1215804000,85200,1.0,85200
SC,2003,20480,1005568000,49100,1.30379195929,64016
SC,2004,21880,1120912400,51230,1.29396513819,66289
SC,2005,22600,1199382000,53070,1.26907088653,67349
SC,2006,24280,1387116400,57130,1.23617218625,70622
SC,2007,26130,1552122000,59400,1.19932570295,71239
SC,2008,28920,1748503200,60460,1.16193871831,70250
SC,2009,26700,1609743000,60290,1.13084367063,68178
SC,2010,26430,1608265500,60850,1.10873487344,67466
SC,2011,29030,1833825100,63170,1.09197174662,68979
SC,2012,30040,1912646800,63670,1.06764126046,67976
SC,2013,32170,2072713100,64430,1.04388739602,67257
SC,2014,34270,2276556100,66430,1.02815334044,68300
SC,2015,36240,2502009600,69040,1.01711503645,70221
SC,2016,37660,2701351800,71730,1.0,71730
SD,2003,5100,216852000,42520,1.30379195929,55437
SD,2004,5230,238383400,45580,1.29396513819,58978
SD,2005,4800,216048000,45010,1.26907088653,57120
SD,2006,5290,260585400,49260,1.23617218625,60893
SD,2007,6170,320654900,51970,1.19932570295,62328
SD,2008,6250,333937500,53430,1.16193871831,62082
SD,2009,5900,311520000,52800,1.13084367063,59708
SD,2010,5670,307427400,54220,1.10873487344,60115
SD,2011,6130,345854600,56420,1.09197174662,61609
SD,2012,6200,351230000,56650,1.06764126046,60481
SD,2013,6610,378753000,57300,1.04388739602,59814
SD,2014,6830,405155600,59320,1.02815334044,60990
SD,2015,7220,445329600,61680,1.01711503645,62735
SD,2016,7830,500571900,63930,1.0,63930
TN,2003,36920,2008817200,54410,1.30379195929,70939
TN,2004,38290,2143474200,55980,1.29396513819,72436
TN,2005,38100,2155317000,56570,1.26907088653,71791
TN,2006,38100,2194941000,57610,1.23617218625,71215
TN,2007,39680,2382387200,60040,1.19932570295,72007
TN,2008,39620,2412858000,60900,1.16193871831,70762
TN,2009,38970,2434066200,62460,1.13084367063,70632
TN,2010,39660,2528325000,63750,1.10873487344,70681
TN,2011,43470,2855544300,65690,1.09197174662,71731
TN,2012,43550,2938754000,67480,1.06764126046,72044
TN,2013,46120,3151840800,68340,1.04388739602,71339
TN,2014,46550,3253845000,69900,1.02815334044,71867
TN,2015,48110,3350380400,69640,1.01711503645,70831
TN,2016,51340,3692886200,71930,1.0,71930
TX,2003,201480,12822187200,63640,1.30379195929,82973
TX,2004,215690,14110439800,65420,1.29396513819,84651
TX,2005,213500,14300230000,66980,1.26907088653,85002
TX,2006,231420,15771273000,68150,1.23617218625,84245
TX,2007,253170,17934562800,70840,1.19932570295,84960
TX,2008,266100,19364097000,72770,1.16193871831,84554
TX,2009,265030,20060120700,75690,1.13084367063,85593
TX,2010,263130,20366262000,77400,1.10873487344,85816
TX,2011,273170,21501210700,78710,1.09197174662,85949
TX,2012,292370,22953968700,78510,1.06764126046,83820
TX,2013,310440,24807260400,79910,1.04388739602,83417
TX,2014,332970,27170352000,81600,1.02815334044,83897
TX,2015,353760,30030686400,84890,1.01711503645,86342
TX,2016,350160,30435907200,86920,1.0,86920
UT,2003,25950,1345507500,51850,1.30379195929,67601
UT,2004,25990,1442964800,55520,1.29396513819,71840
UT,2005,27530,1642439800,59660,1.26907088653,75712
UT,2006,30680,1877002400,61180,1.23617218625,75629
UT,2007,31990,2096304700,65530,1.19932570295,78591
UT,2008,33040,2156851200,65280,1.16193871831,75851
UT,2009,32190,2180228700,67730,1.13084367063,76592
UT,2010,32100,2108328000,65680,1.10873487344,72821
UT,2011,32410,2228835700,68770,1.09197174662,75094
UT,2012,34700,2429000000,70000,1.06764126046,74734
UT,2013,35940,2573663400,71610,1.04388739602,74752
UT,2014,38440,2776521200,72230,1.02815334044,74263
UT,2015,40500,2988900000,73800,1.01711503645,75063
UT,2016,44830,3461324300,77210,1.0,77210
VA,2003,145540,9241790000,63500,1.30379195929,82790
VA,2004,157510,10868190000,69000,1.29396513819,89283
VA,2005,166640,12133058400,72810,1.26907088653,92401
VA,2006,176240,13797829600,78290,1.23617218625,96779
VA,2007,178180,14623232600,82070,1.19932570295,98428
VA,2008,178720,15307368000,85650,1.16193871831,99520
VA,2009,181120,15893280000,87750,1.13084367063,99231
VA,2010,181260,16083199800,88730,1.10873487344,98378
VA,2011,190030,17382044100,91470,1.09197174662,99882
VA,2012,199040,18486835200,92880,1.06764126046,99162
VA,2013,198700,18928162000,95260,1.04388739602,99440
VA,2014,195470,18511009000,94700,1.02815334044,97366
VA,2015,195140,18879795000,96750,1.01711503645,98405
VA,2016,198560,19566102400,98540,1.0,98540
VI,2003,220,9165200,41660,1.30379195929,54315
VI,2004,290,12081400,41660,1.29396513819,53906
VI,2005,330,13926000,42200,1.26907088653,53554
VI,2006,340,15840600,46590,1.23617218625,57593
VI,2007,330,16133700,48890,1.19932570295,58635
VI,2008,340,17822800,52420,1.16193871831,60908
VI,2009,360,19627200,54520,1.13084367063,61653
VI,2010,370,20842100,56330,1.10873487344,62455
VI,2011,390,23946000,61400,1.09197174662,67047
VI,2012,390,21660600,55540,1.06764126046,59296
VI,2013,380,19235600,50620,1.04388739602,52841
VI,2014,370,19036500,51450,1.02815334044,52898
VI,2015,370,20157600,54480,1.01711503645,55412
VI,2016,350,19974500,57070,1.0,57070
VT,2003,5270,304869500,57850,1.30379195929,75424
VT,2004,6300,371889000,59030,1.29396513819,76382
VT,2005,6200,359786000,58030,1.26907088653,73644
VT,2006,6100,362218000,59380,1.23617218625,73403
VT,2007,5750,353107500,61410,1.19932570295,73650
VT,2008,5620,357038600,63530,1.16193871831,73817
VT,2009,5990,390008900,65110,1.13084367063,73629
VT,2010,6560,440504000,67150,1.10873487344,74451
VT,2011,6840,453902400,66360,1.09197174662,72463
VT,2012,6790,465997700,68630,1.06764126046,73272
VT,2013,6350,435229000,68540,1.04388739602,71548
VT,2014,6560,471532800,71880,1.02815334044,73903
VT,2015,6800,502588000,73910,1.01711503645,75174
VT,2016,7060,539031000,76350,1.0,76350
WA,2003,84240,5632286400,66860,1.30379195929,87171
WA,2004,85630,6119976100,71470,1.29396513819,92479
WA,2005,88480,6536902400,73880,1.26907088653,93758
WA,2006,93500,7093845000,75870,1.23617218625,93788
WA,2007,102970,8091382600,78580,1.19932570295,94243
WA,2008,106950,8803054500,82310,1.16193871831,95639
WA,2009,111960,9432630000,84250,1.13084367063,95273
WA,2010,108130,9189968700,84990,1.10873487344,94231
WA,2011,119420,10339383600,86580,1.09197174662,94542
WA,2012,131130,11711220300,89310,1.06764126046,95351
WA,2013,140120,13664502400,97520,1.04388739602,101799
WA,2014,136530,13622963400,99780,1.02815334044,102589
WA,2015,143270,14670848000,102400,1.01711503645,104152
WA,2016,148670,15525608100,104430,1.0,104430
WI,2003,46520,2654896400,57070,1.30379195929,74407
WI,2004,48020,2820214600,58730,1.29396513819,75994
WI,2005,46120,2701709600,58580,1.26907088653,74342
WI,2006,48250,2891140000,59920,1.23617218625,74071
WI,2007,49750,3094450000,62200,1.19932570295,74598
WI,2008,51820,3323216600,64130,1.16193871831,74515
WI,2009,52570,3432821000,65300,1.13084367063,73844
WI,2010,57310,3799653000,66300,1.10873487344,73509
WI,2011,58600,3920926000,66910,1.09197174662,73063
WI,2012,60030,4095246600,68220,1.06764126046,72834
WI,2013,62150,4336205500,69770,1.04388739602,72832
WI,2014,66030,4616157300,69910,1.02815334044,71878
WI,2015,69390,4979426400,71760,1.01711503645,72988
WI,2016,74950,5411390000,72200,1.0,72200
WV,2003,7650,357025500,46670,1.30379195929,60847
WV,2004,7310,347371200,47520,1.29396513819,61489
WV,2005,6780,339949200,50140,1.26907088653,63631
WV,2006,7330,383725500,52350,1.23617218625,64713
WV,2007,7040,386144000,54850,1.19932570295,65783
WV,2008,7490,410751600,54840,1.16193871831,63720
WV,2009,7620,438150000,57500,1.13084367063,65023
WV,2010,8350,494153000,59180,1.10873487344,65614
WV,2011,9410,573069000,60900,1.09197174662,66501
WV,2012,9820,612080600,62330,1.06764126046,66546
WV,2013,9220,579661400,62870,1.04388739602,65629
WV,2014,9830,646715700,65790,1.02815334044,67642
WV,2015,9740,652482600,66990,1.01711503645,68136
WV,2016,10650,724093500,67990,1.0,67990
WY,2003,1870,78988800,42240,1.30379195929,55072
WY,2004,1780,81524000,45800,1.29396513819,59263
WY,2005,1930,87506200,45340,1.26907088653,57539
WY,2006,2070,99111600,47880,1.23617218625,59187
WY,2007,2040,104080800,51020,1.19932570295,61189
WY,2008,2210,117726700,53270,1.16193871831,61896
WY,2009,2200,119944000,54520,1.13084367063,61653
WY,2010,2210,124842900,56490,1.10873487344,62632
WY,2011,2290,131125400,57260,1.09197174662,62526
WY,2012,2620,153820200,58710,1.06764126046,62681
WY,2013,2750,166925000,60700,1.04388739602,63363
WY,2014,2730,168249900,61630,1.02815334044,63365
WY,2015,2650,160775500,60670,1.01711503645,61708
WY,2016,2650,164750500,62170,1.0,62170
